{"schemaVersion":17,"addons":[{"id":"TruClient@hp.com","syncGUID":"cDj-FDlYHRam","location":"app-profile","version":"12.00","type":"extension","internalName":null,"updateURL":null,"updateKey":null,"optionsURL":null,"optionsType":null,"aboutURL":null,"iconURL":"chrome://TruClientUI/content/ui/images/logo.png","icon64URL":null,"defaultLocale":{"name":"HP TruClient","description":"An advanced technology for modern JavaScript based applications (including Ajax) emulating user activity within a web browser.","creator":"HP","homepageURL":null},"visible":true,"active":false,"userDisabled":false,"appDisabled":true,"descriptor":"C:\\Program Files (x86)\\HP\\LoadRunner\\dat\\FFProfile\\extensions\\TruClient@hp.com","installDate":1452685053827,"updateDate":1452685053827,"applyBackgroundUpdates":1,"bootstrap":false,"size":10445711,"sourceURI":null,"releaseNotesURI":null,"softDisabled":false,"foreignInstall":true,"hasBinaryComponents":true,"strictCompatibility":false,"locales":[],"targetApplications":[{"id":"{ec8030f7-c20a-464f-9b0e-13a3a9e97384}","minVersion":"30.0","maxVersion":"37.*.*"}],"targetPlatforms":[],"multiprocessCompatible":false,"signedState":0},{"id":"{972ce4c6-7e08-4474-a285-3208198ce6fd}","syncGUID":"HDGNDX32RCzW","location":"app-global","version":"43.0.1","type":"theme","internalName":"classic/1.0","updateURL":null,"updateKey":null,"optionsURL":null,"optionsType":null,"aboutURL":null,"iconURL":null,"icon64URL":null,"defaultLocale":{"name":"Default","description":"The default theme.","creator":"Mozilla","homepageURL":null,"contributors":["Mozilla Contributors"]},"visible":true,"active":true,"userDisabled":false,"appDisabled":false,"descriptor":"C:\\Program Files (x86)\\HP\\LoadRunner\\bin\\firefox\\browser\\extensions\\{972ce4c6-7e08-4474-a285-3208198ce6fd}","installDate":1456658573163,"updateDate":1456658573163,"applyBackgroundUpdates":1,"skinnable":true,"size":24172,"sourceURI":null,"releaseNotesURI":null,"softDisabled":false,"foreignInstall":false,"hasBinaryComponents":false,"strictCompatibility":true,"locales":[],"targetApplications":[{"id":"{ec8030f7-c20a-464f-9b0e-13a3a9e97384}","minVersion":"43.0.1","maxVersion":"43.0.1"}],"targetPlatforms":[]},{"id":"wrc@avast.com","syncGUID":"RKeTGxdTNIgK","location":"winreg-app-global","version":"10.1.1606","type":"extension","internalName":null,"updateURL":null,"updateKey":null,"optionsURL":null,"optionsType":null,"aboutURL":null,"iconURL":"chrome://wrc/skin/png/green3-24.png","icon64URL":null,"defaultLocale":{"name":"avast! WebRep","description":"Web Reputation Plugin","creator":"AVAST Software","homepageURL":"http://www.avast.com/"},"visible":true,"active":false,"userDisabled":false,"appDisabled":true,"descriptor":"C:\\Program Files\\AVAST Software\\Avast Business\\WebRep\\FF","installDate":1453482163888,"updateDate":1453482163888,"applyBackgroundUpdates":1,"bootstrap":false,"size":1663697,"sourceURI":null,"releaseNotesURI":null,"softDisabled":false,"foreignInstall":true,"hasBinaryComponents":false,"strictCompatibility":false,"locales":[],"targetApplications":[{"id":"{ec8030f7-c20a-464f-9b0e-13a3a9e97384}","minVersion":"3.0","maxVersion":"*"}],"targetPlatforms":[],"multiprocessCompatible":false,"signedState":0}]}