{"title":"","id":1,"dateAdded":1402495602963000,"lastModified":1402495602963000,"type":"text/x-moz-place-container","root":"placesRoot","children":[{"title":"Bookmarks Menu","id":2,"parent":1,"dateAdded":1402495602963000,"lastModified":1402495604309000,"type":"text/x-moz-place-container","root":"bookmarksMenuFolder","children":[{"title":"Recently Bookmarked","id":13,"parent":2,"annos":[{"name":"Places/SmartBookmark","flags":0,"expires":4,"mimeType":null,"type":3,"value":"RecentlyBookmarked"}],"type":"text/x-moz-place","uri":"place:folder=BOOKMARKS_MENU&folder=UNFILED_BOOKMARKS&folder=TOOLBAR&sort=12&excludeQueries=1&maxResults=10&queryType=1"},{"index":1,"title":"Recent Tags","id":14,"parent":2,"annos":[{"name":"Places/SmartBookmark","flags":0,"expires":4,"mimeType":null,"type":3,"value":"RecentTags"}],"type":"text/x-moz-place","uri":"place:sort=14&type=6&maxResults=10&queryType=1"},{"index":2,"title":"","id":15,"parent":2,"dateAdded":1402495604309000,"lastModified":1402495604309000,"type":"text/x-moz-place-separator"},{"index":3,"title":"Mozilla Firefox","id":7,"parent":2,"dateAdded":1402495603933000,"lastModified":1402495603937000,"type":"text/x-moz-place-container","children":[{"title":"Help and Tutorials","id":8,"parent":7,"dateAdded":1402495603934000,"lastModified":1402495603935000,"type":"text/x-moz-place","uri":"http://www.mozilla.com/en-US/firefox/help/"},{"index":1,"title":"Customize Firefox","id":9,"parent":7,"dateAdded":1402495603935000,"lastModified":1402495603936000,"type":"text/x-moz-place","uri":"http://www.mozilla.com/en-US/firefox/customize/"},{"index":2,"title":"Get Involved","id":10,"parent":7,"dateAdded":1402495603936000,"lastModified":1402495603937000,"type":"text/x-moz-place","uri":"http://www.mozilla.com/en-US/firefox/community/"},{"index":3,"title":"About Us","id":11,"parent":7,"dateAdded":1402495603937000,"lastModified":1402495603938000,"type":"text/x-moz-place","uri":"http://www.mozilla.com/en-US/about/"}]}]},{"index":1,"title":"Bookmarks Toolbar","id":3,"parent":1,"dateAdded":1402495602963000,"lastModified":1402495604306000,"annos":[{"name":"bookmarkProperties/description","flags":0,"expires":4,"mimeType":null,"type":3,"value":"Add bookmarks to this folder to see them displayed on the Bookmarks Toolbar"}],"type":"text/x-moz-place-container","root":"toolbarFolder","children":[{"title":"Most Visited","id":12,"parent":3,"annos":[{"name":"Places/SmartBookmark","flags":0,"expires":4,"mimeType":null,"type":3,"value":"MostVisited"}],"type":"text/x-moz-place","uri":"place:sort=8&maxResults=10"},{"index":1,"title":"Getting Started","id":6,"parent":3,"dateAdded":1402495603932000,"lastModified":1402495603933000,"type":"text/x-moz-place","uri":"http://www.mozilla.com/en-US/firefox/central/"}]},{"index":2,"title":"Tags","id":4,"parent":1,"dateAdded":1402495602963000,"lastModified":1402495602963000,"type":"text/x-moz-place-container","root":"tagsFolder","children":[]},{"index":3,"title":"Unsorted Bookmarks","id":5,"parent":1,"dateAdded":1402495602963000,"lastModified":1402495603931000,"type":"text/x-moz-place-container","root":"unfiledBookmarksFolder","children":[]}]}