{"chrome://browser/content/browser.xul":{"nav-bar":{"currentset":"unified-back-forward-button,wrc-toolbar-button,urlbar-container,reload-button,stop-button,search-container,downloads-button,,bookmarks-menu-button,fullscreenflex,window-controls,firebug-button,,bookmarks-menu-button,,bookmarks-menu-button,home-button,bookmarks-menu-button"},"sidebar-title":{"value":"TruClient - FloodWarnings"},"main-window":{"width":"820","height":"728","screenX":"1828","screenY":"-296","sizemode":"maximized"},"titlebar-placeholder-on-menubar-for-caption-buttons":{"width":"147"},"titlebar-placeholder-on-TabsToolbar-for-captions-buttons":{"width":"147"},"sidebar-box":{"sidebarcommand":"","width":"","src":""},"navigator-toolbox":{"iconsize":"small"}},"chrome://global/content/viewSource.xul":{"viewSource":{"screenX":"10","screenY":"10","width":"1451","height":"862","sizemode":"normal"}}}