<?xml version="1.0" encoding="utf-8"?>
<VugenScriptMetadata>
  <ScriptName>StringHandling</ScriptName>
  <Protocol>Web - HTTP/HTML</Protocol>
  <ActionFiles>
    <FileEntry Name="vuser_init.c" Filter="2" />
    <FileEntry Name="ConvertStringToParam.c" Filter="2" />
    <FileEntry Name="ConvertParamToString.c" Filter="2" />
    <FileEntry Name="ConvertParamToInteger.c" Filter="2" />
    <FileEntry Name="ConvertIntegerToString.c" Filter="2" />
    <FileEntry Name="ConvertIntegerToParameter.c" Filter="2" />
    <FileEntry Name="ConvertFloatToString.c" Filter="2" />
    <FileEntry Name="ConvertCharToFloat.c" Filter="2" />
    <FileEntry Name="ConvertCharToDouble.c" Filter="2" />
    <FileEntry Name="vuser_end.c" Filter="2" />
  </ActionFiles>
  <GeneralFiles>
    <FileEntry Name="StringHandling.usr" Filter="4" />
    <FileEntry Name="default.cfg" Filter="4" />
    <FileEntry Name="default.usp" Filter="4" />
    <FileEntry Name="globals.h" Filter="2" />
    <FileEntry Name="ScriptUploadMetadata.xml" Filter="2" />
    <FileEntry Name="Bookmarks.xml" Filter="2" />
    <FileEntry Name="Breakpoints.xml" Filter="2" />
    <FileEntry Name="CompilerLogMetadata.xml" Filter="2" />
    <FileEntry Name="ReplaySummaryReport.xml" Filter="2" />
    <FileEntry Name="UserTasks.xml" Filter="2" />
    <FileEntry Name="combined_StringHandling.c" Filter="2" />
    <FileEntry Name="pre_cci.c" Filter="2" />
    <FileEntry Name="custom_body_variables.txt" Filter="1" />
    <FileEntry Name="logfile.log" Filter="1" />
    <FileEntry Name="lrw_custom_body.h" Filter="1" />
    <FileEntry Name="mdrv.log" Filter="1" />
    <FileEntry Name="mdrv_cmd.txt" Filter="1" />
    <FileEntry Name="options.txt" Filter="1" />
    <FileEntry Name="output.bak" Filter="1" />
    <FileEntry Name="output.txt" Filter="1" />
    <FileEntry Name="StringHandling.c.pickle" Filter="1" />
    <FileEntry Name="StringHandling.ci" Filter="1" />
    <FileEntry Name="StringHandling.sdf" Filter="1" />
    <FileEntry Name="ThumbnailsCache.tmp" Filter="1" />
    <FileEntry Name="result1\" Filter="1" />
  </GeneralFiles>
</VugenScriptMetadata>