{"chrome://browser/content/browser.xul":{"main-window":{"width":"820","height":"992","screenX":"4","screenY":"4","sizemode":"maximized"},"nav-bar":{"currentset":"unified-back-forward-button,urlbar-container,reload-button,stop-button,search-container,downloads-button,home-button,bookmarks-menu-button-container,fullscreenflex,window-controls,firebug-button"},"sidebar-title":{"value":"HP TruClient"},"navigator-toolbox":{"iconsize":"small"},"titlebar-placeholder-on-menubar-for-caption-buttons":{"width":"138"},"titlebar-placeholder-on-TabsToolbar-for-captions-buttons":{"width":"138"}},"chrome://global/content/viewSource.xul":{"viewSource":{"screenX":"10","screenY":"10","width":"1451","height":"862","sizemode":"normal"}}}