{"chrome://browser/content/browser.xul":{"sidebar-title":{"value":"TruClient - FloodWarningsPostCode"},"main-window":{"width":"960","height":"1040","screenX":"2326","screenY":"-477","sizemode":"normal"},"nav-bar":{"currentset":"unified-back-forward-button,wrc-toolbar-button,urlbar-container,reload-button,stop-button,search-container,downloads-button,fullscreenflex,window-controls,firebug-button,,bookmarks-menu-button,,bookmarks-menu-button,,bookmarks-menu-button,home-button,bookmarks-menu-button"},"titlebar-placeholder-on-menubar-for-caption-buttons":{"width":"143"},"titlebar-placeholder-on-TabsToolbar-for-captions-buttons":{"width":"143"},"navigator-toolbox":{"iconsize":"small"}},"chrome://global/content/viewSource.xul":{"viewSource":{"screenX":"10","screenY":"10","width":"1451","height":"862","sizemode":"normal"}}}