{"schemaVersion":16,"addons":[{"id":"TruClient@hp.com","syncGUID":"1PofWPNWeDPD","location":"app-profile","version":"12.00","type":"extension","internalName":null,"updateURL":null,"updateKey":null,"optionsURL":null,"optionsType":null,"aboutURL":null,"iconURL":"chrome://TruClientUI/content/ui/images/logo.png","icon64URL":null,"defaultLocale":{"name":"HP TruClient","description":"An advanced technology for modern JavaScript based applications (including Ajax) emulating user activity within a web browser.","creator":"HP","homepageURL":null},"visible":true,"active":true,"userDisabled":false,"appDisabled":false,"descriptor":"C:\\Program Files (x86)\\HP\\LoadRunner\\dat\\FFProfile\\extensions\\TruClient@hp.com","installDate":1440016174134,"updateDate":1440016174134,"applyBackgroundUpdates":1,"bootstrap":false,"size":10341693,"sourceURI":null,"releaseNotesURI":null,"softDisabled":false,"foreignInstall":true,"hasBinaryComponents":true,"strictCompatibility":false,"locales":[],"targetApplications":[{"id":"{ec8030f7-c20a-464f-9b0e-13a3a9e97384}","minVersion":"30.0","maxVersion":"37.*.*"}],"targetPlatforms":[],"multiprocessCompatible":false},{"id":"{972ce4c6-7e08-4474-a285-3208198ce6fd}","syncGUID":"IfSSpIL8U0DH","location":"app-global","version":"37.0.2","type":"theme","internalName":"classic/1.0","updateURL":null,"updateKey":null,"optionsURL":null,"optionsType":null,"aboutURL":null,"iconURL":null,"icon64URL":null,"defaultLocale":{"name":"Default","description":"The default theme.","creator":"Mozilla","homepageURL":null,"contributors":["Mozilla Contributors"]},"visible":true,"active":true,"userDisabled":false,"appDisabled":false,"descriptor":"C:\\Program Files (x86)\\HP\\LoadRunner\\bin\\firefox\\browser\\extensions\\{972ce4c6-7e08-4474-a285-3208198ce6fd}","installDate":1440016092153,"updateDate":1440016092153,"applyBackgroundUpdates":1,"skinnable":true,"size":3175,"sourceURI":null,"releaseNotesURI":null,"softDisabled":false,"foreignInstall":false,"hasBinaryComponents":false,"strictCompatibility":true,"locales":[],"targetApplications":[{"id":"{ec8030f7-c20a-464f-9b0e-13a3a9e97384}","minVersion":"37.0.2","maxVersion":"37.0.2"}],"targetPlatforms":[]},{"id":"fiddlerhook@fiddler2.com","syncGUID":"tfdxKNZptyXB","location":"winreg-app-global","version":"2.6.0.4","type":"extension","internalName":null,"updateURL":null,"updateKey":null,"optionsURL":null,"optionsType":null,"aboutURL":"chrome://fiddlerhook/content/about.xul","iconURL":"chrome://fiddlerhook/content/fiddlerhook.png","icon64URL":null,"defaultLocale":{"name":"FiddlerHook","description":"Integrate Fiddler into Firefox","creator":"Telerik","homepageURL":"http://fiddler2.com/r/?FIDDLERHOOKHELP"},"visible":true,"active":true,"userDisabled":false,"appDisabled":false,"descriptor":"C:\\Program Files (x86)\\Fiddler2\\FiddlerHook","installDate":1447315510741,"updateDate":1447315510741,"applyBackgroundUpdates":1,"bootstrap":false,"size":33900,"sourceURI":null,"releaseNotesURI":null,"softDisabled":false,"foreignInstall":true,"hasBinaryComponents":false,"strictCompatibility":false,"locales":[],"targetApplications":[{"id":"{ec8030f7-c20a-464f-9b0e-13a3a9e97384}","minVersion":"4.0","maxVersion":"42.*"}],"targetPlatforms":[],"multiprocessCompatible":false},{"id":"wrc@avast.com","syncGUID":"h0cB31I1ledR","location":"winreg-app-global","version":"10.3.3.39","type":"extension","internalName":null,"updateURL":null,"updateKey":null,"optionsURL":null,"optionsType":null,"aboutURL":null,"iconURL":"chrome://wrc/content/common/skin/img/icon48.png","icon64URL":null,"defaultLocale":{"name":"Avast Online Security","description":"Avast Browser Security and Web Reputation Plugin. Offering protection against known phishing and malware sites, improving your browsing overall browsing experience with crowd sourced web reputation rating.","creator":"AVAST Software","homepageURL":"http://www.avast.com/"},"visible":true,"active":false,"userDisabled":false,"appDisabled":true,"descriptor":"C:\\Program Files\\AVAST Software\\Avast\\WebRep\\FF","installDate":1455182152871,"updateDate":1455182152871,"applyBackgroundUpdates":1,"bootstrap":true,"size":2174460,"sourceURI":null,"releaseNotesURI":null,"softDisabled":false,"foreignInstall":true,"hasBinaryComponents":false,"strictCompatibility":false,"locales":[],"targetApplications":[{"id":"{ec8030f7-c20a-464f-9b0e-13a3a9e97384}","minVersion":"38.0a1","maxVersion":"43.0"}],"targetPlatforms":[],"multiprocessCompatible":false},{"id":"sp@avast.com","syncGUID":"94fSwpSfs0hn","location":"winreg-app-global","version":"10.3.5.39","type":"extension","internalName":null,"updateURL":null,"updateKey":null,"optionsURL":null,"optionsType":null,"aboutURL":null,"iconURL":"chrome://sp/content/common/skin/img/logo-safeprice-48.png","icon64URL":null,"defaultLocale":{"name":"Avast SafePrice","description":"Safe shopping extension","creator":"AVAST Software","homepageURL":"http://www.avast.com/"},"visible":true,"active":false,"userDisabled":false,"appDisabled":true,"descriptor":"C:\\Program Files\\AVAST Software\\Avast\\SafePrice\\FF","installDate":1455182152579,"updateDate":1455182152579,"applyBackgroundUpdates":1,"bootstrap":true,"size":1877359,"sourceURI":null,"releaseNotesURI":null,"softDisabled":false,"foreignInstall":true,"hasBinaryComponents":false,"strictCompatibility":false,"locales":[],"targetApplications":[{"id":"{ec8030f7-c20a-464f-9b0e-13a3a9e97384}","minVersion":"38.0a1","maxVersion":"43.0"}],"targetPlatforms":[],"multiprocessCompatible":false}]}